x,res/com,original,y
434.00000,170.00000,5710.00000,0.02977
782.00000,163.00000,5876.00000,0.02774
795.00000,155.00000,5445.00000,0.02847
808.00000,157.00000,6020.00000,0.02608
824.00000,144.00000,5956.00000,0.02418
841.00000,144.00000,5773.00000,0.02494
859.00000,135.00000,5857.00000,0.02305
879.00000,126.00000,5655.00000,0.02228
900.00000,122.00000,5926.00000,0.02059
924.00000,115.00000,5705.00000,0.02016
950.00000,128.00000,5873.00000,0.02179
979.00000,118.00000,5884.00000,0.02005
1012.00000,157.00000,5803.00000,0.02705
1049.00000,123.00000,5821.00000,0.02113
1092.00000,117.00000,5929.00000,0.01973
1143.00000,164.00000,5806.00000,0.02825
1207.00000,167.00000,5784.00000,0.02887
1295.00000,160.00000,5845.00000,0.02737
1425.00000,143.00000,5838.00000,0.02449
1717.00000,251.00000,5837.00000,0.04300
