x,res/com,original,y
3742.00000,986.00000,31177.00000,0.03163
4646.00000,1107.00000,31250.00000,0.03542
4718.00000,1086.00000,31204.00000,0.03480
4794.00000,999.00000,31472.00000,0.03174
4880.00000,999.00000,31350.00000,0.03187
4978.00000,930.00000,31322.00000,0.02969
5087.00000,927.00000,31343.00000,0.02958
5207.00000,971.00000,31458.00000,0.03087
5338.00000,949.00000,31295.00000,0.03032
5482.00000,939.00000,31281.00000,0.03002
5642.00000,996.00000,31433.00000,0.03169
5823.00000,988.00000,31294.00000,0.03157
6029.00000,1033.00000,31399.00000,0.03290
6266.00000,1032.00000,31378.00000,0.03289
6544.00000,1002.00000,31347.00000,0.03196
6879.00000,918.00000,31339.00000,0.02929
7280.00000,774.00000,31355.00000,0.02469
7763.00000,717.00000,31364.00000,0.02286
8391.00000,682.00000,31340.00000,0.02176
9421.00000,640.00000,31351.00000,0.02041
