x,res/com,original,y
3742.00000,4376.00000,83608.00000,0.05234
3819.00000,4494.00000,83580.00000,0.05377
3862.00000,5276.00000,85911.00000,0.06141
3907.00000,5320.00000,84304.00000,0.06310
3949.00000,4844.00000,85134.00000,0.05690
3992.00000,4984.00000,84446.00000,0.05902
4040.00000,5315.00000,84360.00000,0.06300
4097.00000,5536.00000,85174.00000,0.06500
4165.00000,5753.00000,84727.00000,0.06790
4245.00000,6079.00000,84705.00000,0.07177
4341.00000,6354.00000,84630.00000,0.07508
4456.00000,6406.00000,84964.00000,0.07540
4596.00000,6721.00000,84811.00000,0.07925
4768.00000,6826.00000,84712.00000,0.08058
4990.00000,6885.00000,84693.00000,0.08129
5278.00000,6739.00000,84900.00000,0.07938
5642.00000,6804.00000,84685.00000,0.08034
6125.00000,5627.00000,84818.00000,0.06634
6846.00000,4509.00000,84760.00000,0.05320
8010.00000,3330.00000,84786.00000,0.03928
