x,res/com,original,y
3742.00000,361.00000,32063.00000,0.01126
4726.00000,394.00000,32181.00000,0.01224
4799.00000,420.00000,32153.00000,0.01306
4879.00000,500.00000,32294.00000,0.01548
4970.00000,532.00000,32148.00000,0.01655
5070.00000,592.00000,32105.00000,0.01844
5179.00000,657.00000,32422.00000,0.02026
5298.00000,686.00000,32012.00000,0.02143
5426.00000,680.00000,32215.00000,0.02111
5569.00000,759.00000,32220.00000,0.02356
5726.00000,785.00000,32383.00000,0.02424
5903.00000,710.00000,32107.00000,0.02211
6102.00000,669.00000,32241.00000,0.02075
6333.00000,577.00000,32230.00000,0.01790
6608.00000,552.00000,32210.00000,0.01714
6938.00000,520.00000,32232.00000,0.01613
7330.00000,442.00000,32231.00000,0.01371
7804.00000,445.00000,32202.00000,0.01382
8424.00000,402.00000,32218.00000,0.01248
9446.00000,356.00000,32220.00000,0.01105
